ID,EES
1,314000000.0
2,269000000.0
3,220000000.0
4,204000000.0
5,219000000.0
6,277000000.0
7,278000000.0
8,226000000.0
9,289000000.0
10,237000000.0
11,331000000.0
12,271000000.0
13,304000000.0
14,231000000.0
15,288000000.0
16,297000000.0
17,387000000.0
18,361000000.0
19,210000000.0
20,290000000.0
21,329000000.0
22,233000000.0
23,344000000.0
24,253000000.0
25,278000000.0
26,239000000.0
27,231000000.0
28,277000000.0
29,281000000.0
30,327000000.0
31,201000000.0
32,292000000.0
33,184000000.0
34,211000000.0
35,236000000.0
36,357000000.0
37,296000000.0
38,363000000.0
39,271000000.0
40,159000000.0
41,297000000.0
42,230000000.0
43,279000000.0
44,336000000.0
45,156000000.0
46,279000000.0
47,186000000.0
48,209000000.0
49,193000000.0
50,236000000.0
51,242000000.0
52,268000000.0
53,161000000.0
54,416000000.0
55,264000000.0
56,300000000.0
57,291000000.0
58,292000000.0
59,204000000.0
60,241000000.0
61,309000000.0
62,331000000.0
63,255000000.0
64,211000000.0
65,266000000.0
66,302000000.0
67,262000000.0
68,237000000.0
69,248000000.0
70,277000000.0
71,322000000.0
72,352000000.0
73,293000000.0
74,277000000.0
75,209000000.0
76,302000000.0
77,334000000.0
78,201000000.0
79,242000000.0
80,303000000.0
81,358000000.0
82,312000000.0
83,262000000.0
84,298000000.0
85,300000000.0
86,300000000.0
87,303000000.0
88,360000000.0
89,289000000.0
90,319000000.0
91,376000000.0
92,346000000.0
93,248000000.0
94,250000000.0
95,280000000.0
96,264000000.0
97,291000000.0
98,265000000.0
99,304000000.0
100,267000000.0
101,259000000.0
102,194000000.0
103,385000000.0
104,277000000.0
105,267000000.0
106,259000000.0
107,336000000.0
108,256000000.0
109,351000000.0
110,286000000.0
111,305000000.0
112,285000000.0
113,279000000.0
114,198000000.0
115,271000000.0
116,307000000.0
117,225000000.0
118,284000000.0
119,188000000.0
120,337000000.0
121,237000000.0
122,248000000.0
123,235000000.0
124,342000000.0
125,327000000.0
126,272000000.0
127,245000000.0
128,234000000.0
129,197000000.0
130,311000000.0
131,280000000.0
132,336000000.0
133,314000000.0
134,318000000.0
135,289000000.0
136,237000000.0
137,254000000.0
138,287000000.0
139,238000000.0
140,286000000.0
141,306000000.0
142,302000000.0
143,301000000.0
144,349000000.0
145,226000000.0
146,309000000.0
147,279000000.0
148,286000000.0
149,284000000.0
150,302000000.0
151,312000000.0
152,343000000.0
153,291000000.0
154,258000000.0
155,203000000.0
156,374000000.0
157,312000000.0
158,313000000.0
159,259000000.0
160,332000000.0
161,285000000.0
162,322000000.0
163,206000000.0
164,385000000.0
165,299000000.0
166,245000000.0
167,201000000.0
168,294000000.0
169,287000000.0
170,307000000.0
171,241000000.0
172,287000000.0
173,281000000.0
174,313000000.0
175,290000000.0
176,289000000.0
177,216000000.0
178,311000000.0
179,308000000.0
180,217000000.0
181,396000000.0
182,263000000.0
183,338000000.0
184,265000000.0
185,304000000.0
186,337000000.0
187,341000000.0
188,293000000.0
189,285000000.0
190,269000000.0
191,265000000.0
192,197000000.0
193,273000000.0
194,305000000.0
195,204000000.0
196,336000000.0
197,310000000.0
198,268000000.0
199,371000000.0
200,234000000.0
201,244000000.0
202,254000000.0
203,398000000.0
204,233000000.0
205,271000000.0
206,300000000.0
207,285000000.0
208,335000000.0
209,289000000.0
210,239000000.0
211,301000000.0
212,209000000.0
213,364000000.0
214,241000000.0
215,304000000.0
216,231000000.0
217,243000000.0
218,191000000.0
219,218000000.0
220,220000000.0
221,238000000.0
222,219000000.0
223,275000000.0
224,335000000.0
225,269000000.0
226,225000000.0
227,426000000.0
228,278000000.0
229,276000000.0
230,342000000.0
231,246000000.0
232,271000000.0
233,298000000.0
234,191000000.0
235,199000000.0
236,188000000.0
237,311000000.0
238,271000000.0
239,212000000.0
240,262000000.0
241,353000000.0
242,269000000.0
243,232000000.0
244,374000000.0
245,261000000.0
246,252000000.0
247,297000000.0
248,295000000.0
249,260000000.0
250,218000000.0
251,314000000.0
252,240000000.0
253,247000000.0
254,262000000.0
255,239000000.0
256,302000000.0
257,314000000.0
258,404000000.0
259,337000000.0
260,265000000.0
261,372000000.0
262,245000000.0
263,245000000.0
264,380000000.0
265,274000000.0
266,366000000.0
267,315000000.0
268,370000000.0
269,220000000.0
270,243000000.0
271,342000000.0
272,216000000.0
273,221000000.0
274,222000000.0
275,243000000.0
276,332000000.0
277,280000000.0
278,237000000.0
279,311000000.0
280,296000000.0
281,305000000.0
282,293000000.0
283,222000000.0
284,321000000.0
285,311000000.0
286,338000000.0
287,286000000.0
288,179000000.0
289,225000000.0
290,315000000.0
291,335000000.0
292,217000000.0
293,406000000.0
294,222000000.0
295,302000000.0
296,290000000.0
297,293000000.0
298,358000000.0
299,228000000.0
300,300000000.0
301,319000000.0
302,256000000.0
303,256000000.0
304,265000000.0
305,279000000.0
306,239000000.0
307,282000000.0
308,319000000.0
309,273000000.0
310,289000000.0
311,280000000.0
312,207000000.0
313,238000000.0
314,317000000.0
315,212000000.0
316,226000000.0
317,242000000.0
318,298000000.0
319,226000000.0
320,197000000.0
321,317000000.0
322,310000000.0
323,190000000.0
324,337000000.0
325,254000000.0
326,235000000.0
327,437000000.0
328,353000000.0
329,289000000.0
330,281000000.0
331,292000000.0
332,221000000.0
333,257000000.0
334,281000000.0
335,269000000.0
336,203000000.0
337,155000000.0
338,272000000.0
339,269000000.0
340,200000000.0
341,306000000.0
342,266000000.0
343,270000000.0
344,264000000.0
345,229000000.0
346,248000000.0
347,314000000.0
348,223000000.0
349,374000000.0
350,248000000.0
351,347000000.0
352,203000000.0
353,313000000.0
354,279000000.0
355,321000000.0
356,293000000.0
357,317000000.0
358,245000000.0
359,307000000.0
360,317000000.0
361,218000000.0
362,330000000.0
363,256000000.0
364,334000000.0
365,203000000.0
366,337000000.0
367,144000000.0
368,308000000.0
369,207000000.0
370,276000000.0
371,361000000.0
372,158000000.0
373,246000000.0
374,306000000.0
375,269000000.0
376,184000000.0
377,331000000.0
378,191000000.0
379,275000000.0
380,382000000.0
381,258000000.0
382,300000000.0
383,323000000.0
384,367000000.0
385,294000000.0
386,295000000.0
387,278000000.0
388,296000000.0
389,361000000.0
390,313000000.0
391,360000000.0
392,206000000.0
393,318000000.0
394,199000000.0
395,244000000.0
396,280000000.0
397,299000000.0
398,270000000.0
399,272000000.0
400,241000000.0
401,318000000.0
402,305000000.0
403,205000000.0
404,199000000.0
405,311000000.0
406,266000000.0
407,168000000.0
408,282000000.0
409,329000000.0
410,363000000.0
411,270000000.0
412,426000000.0
413,319000000.0
414,231000000.0
415,283000000.0
416,249000000.0
417,284000000.0
418,223000000.0
419,189000000.0
420,224000000.0
421,214000000.0
422,278000000.0
423,294000000.0
424,318000000.0
425,303000000.0
426,299000000.0
427,195000000.0
428,217000000.0
429,257000000.0
430,255000000.0
431,332000000.0
432,187000000.0
433,259000000.0
434,322000000.0
435,324000000.0
436,353000000.0
437,308000000.0
438,148000000.0
439,227000000.0
440,246000000.0
441,296000000.0
442,280000000.0
443,210000000.0
444,231000000.0
445,376000000.0
446,230000000.0
447,307000000.0
448,288000000.0
449,261000000.0
450,231000000.0
451,345000000.0
452,349000000.0
453,222000000.0
454,224000000.0
455,274000000.0
456,291000000.0
457,266000000.0
458,265000000.0
459,218000000.0
460,250000000.0
461,257000000.0
462,357000000.0
463,304000000.0
464,237000000.0
465,293000000.0
466,247000000.0
467,359000000.0
468,291000000.0
469,230000000.0
470,260000000.0
471,291000000.0
472,210000000.0
473,272000000.0
474,278000000.0
475,320000000.0
476,219000000.0
477,259000000.0
478,315000000.0
479,237000000.0
480,276000000.0
481,288000000.0
482,232000000.0
483,328000000.0
484,294000000.0
485,236000000.0
486,234000000.0
487,287000000.0
488,312000000.0
489,188000000.0
490,286000000.0
491,359000000.0
492,291000000.0
493,343000000.0
494,290000000.0
495,279000000.0
496,239000000.0
497,359000000.0
498,265000000.0
499,262000000.0
500,266000000.0
501,318000000.0
502,282000000.0
503,278000000.0
504,318000000.0
505,224000000.0
506,275000000.0
507,318000000.0
508,245000000.0
509,344000000.0
510,311000000.0
511,288000000.0
512,302000000.0
513,309000000.0
514,200000000.0
515,269000000.0
516,301000000.0
517,328000000.0
518,346000000.0
519,198000000.0
520,185000000.0
521,239000000.0
522,349000000.0
523,236000000.0
524,321000000.0
525,274000000.0
526,276000000.0
527,307000000.0
528,350000000.0
529,289000000.0
530,339000000.0
531,279000000.0
532,278000000.0
533,340000000.0
534,375000000.0
535,339000000.0
536,363000000.0
537,201000000.0
538,299000000.0
539,321000000.0
540,316000000.0
541,278000000.0
542,336000000.0
543,227000000.0
544,317000000.0
545,268000000.0
546,404000000.0
547,348000000.0
548,246000000.0
549,251000000.0
550,216000000.0
551,335000000.0
552,314000000.0
553,273000000.0
554,232000000.0
555,325000000.0
556,306000000.0
557,250000000.0
558,194000000.0
559,315000000.0
560,374000000.0
561,291000000.0
562,243000000.0
563,316000000.0
564,264000000.0
565,267000000.0
566,254000000.0
567,198000000.0
568,391000000.0
569,304000000.0
570,259000000.0
571,263000000.0
572,270000000.0
573,383000000.0
574,261000000.0
575,270000000.0
576,279000000.0
577,315000000.0
578,233000000.0
579,304000000.0
580,200000000.0
581,319000000.0
582,241000000.0
583,278000000.0
584,235000000.0
585,214000000.0
586,255000000.0
587,354000000.0
588,361000000.0
589,279000000.0
590,267000000.0
591,244000000.0
592,318000000.0
593,255000000.0
594,300000000.0
595,349000000.0
596,236000000.0
597,289000000.0
598,366000000.0
599,244000000.0
600,336000000.0
601,370000000.0
602,292000000.0
603,275000000.0
604,418000000.0
605,273000000.0
606,314000000.0
607,379000000.0
608,324000000.0
609,240000000.0
610,245000000.0
611,340000000.0
612,367000000.0
613,295000000.0
614,311000000.0
615,297000000.0
616,312000000.0
617,281000000.0
618,328000000.0
619,266000000.0
620,235000000.0
621,243000000.0
622,324000000.0
623,343000000.0
624,288000000.0
625,242000000.0
626,251000000.0
627,278000000.0
628,259000000.0
629,370000000.0
630,299000000.0
631,303000000.0
632,196000000.0
633,236000000.0
634,219000000.0
635,308000000.0
636,397000000.0
637,290000000.0
638,399000000.0
639,357000000.0
640,277000000.0
641,246000000.0
642,304000000.0
643,378000000.0
644,312000000.0
645,276000000.0
646,262000000.0
647,356000000.0
648,211000000.0
649,270000000.0
650,425000000.0
651,243000000.0
652,271000000.0
653,210000000.0
654,280000000.0
655,261000000.0
656,257000000.0
657,297000000.0
658,282000000.0
659,269000000.0
660,277000000.0
661,305000000.0
662,351000000.0
663,255000000.0
664,291000000.0
665,351000000.0
666,237000000.0
667,364000000.0
668,283000000.0
669,291000000.0
670,261000000.0
671,380000000.0
672,287000000.0
673,296000000.0
674,206000000.0
675,264000000.0
676,327000000.0
677,296000000.0
678,307000000.0
679,285000000.0
680,354000000.0
681,269000000.0
682,349000000.0
683,264000000.0
684,152000000.0
685,264000000.0
686,257000000.0
687,187000000.0
688,300000000.0
689,332000000.0
690,339000000.0
691,330000000.0
692,319000000.0
693,189000000.0
694,293000000.0
695,361000000.0
696,303000000.0
697,344000000.0
698,250000000.0
699,282000000.0
700,281000000.0
701,330000000.0
702,426000000.0
703,277000000.0
704,202000000.0
705,260000000.0
706,325000000.0
707,206000000.0
708,195000000.0
709,303000000.0
710,382000000.0
711,353000000.0
712,340000000.0
713,279000000.0
714,337000000.0
715,246000000.0
716,213000000.0
717,264000000.0
718,298000000.0
719,216000000.0
720,244000000.0
721,298000000.0
722,269000000.0
723,349000000.0
724,373000000.0
725,317000000.0
726,228000000.0
727,271000000.0
728,354000000.0
729,308000000.0
730,283000000.0
731,321000000.0
732,301000000.0
733,356000000.0
734,244000000.0
735,266000000.0
736,267000000.0
737,397000000.0
738,379000000.0
739,309000000.0
740,258000000.0
741,373000000.0
742,322000000.0
743,314000000.0
744,232000000.0
745,231000000.0
746,261000000.0
747,296000000.0
748,332000000.0
749,234000000.0
750,304000000.0
751,209000000.0
752,385000000.0
753,419000000.0
754,383000000.0
755,237000000.0
756,287000000.0
757,303000000.0
758,293000000.0
759,365000000.0
760,267000000.0
761,392000000.0
762,300000000.0
763,326000000.0
764,347000000.0
765,295000000.0
766,272000000.0
767,317000000.0
768,262000000.0
769,278000000.0
770,438000000.0
771,330000000.0
772,216000000.0
773,247000000.0
774,395000000.0
775,295000000.0
776,230000000.0
777,200000000.0
778,236000000.0
779,276000000.0
780,338000000.0
781,423000000.0
782,323000000.0
783,222000000.0
784,347000000.0
785,323000000.0
786,313000000.0
787,303000000.0
788,359000000.0
789,298000000.0
790,412000000.0
791,338000000.0
792,226000000.0
793,284000000.0
794,221000000.0
795,317000000.0
796,295000000.0
797,225000000.0
798,337000000.0
799,333000000.0
800,347000000.0
801,247000000.0
802,308000000.0
803,260000000.0
804,341000000.0
805,241000000.0
806,327000000.0
807,223000000.0
808,295000000.0
809,294000000.0
810,256000000.0
811,306000000.0
812,220000000.0
813,249000000.0
814,312000000.0
815,293000000.0
816,333000000.0
817,299000000.0
818,382000000.0
819,321000000.0
820,331000000.0
821,284000000.0
822,240000000.0
823,309000000.0
824,368000000.0
825,326000000.0
826,331000000.0
827,278000000.0
828,294000000.0
829,196000000.0
830,338000000.0
831,287000000.0
832,276000000.0
833,334000000.0
834,324000000.0
835,247000000.0
836,243000000.0
837,263000000.0
838,367000000.0
839,191000000.0
840,310000000.0
841,260000000.0
842,286000000.0
843,254000000.0
844,209000000.0
845,349000000.0
846,342000000.0
847,307000000.0
848,390000000.0
849,289000000.0
850,322000000.0
851,256000000.0
852,275000000.0
853,224000000.0
854,312000000.0
855,311000000.0
856,260000000.0
857,365000000.0
858,345000000.0
859,191000000.0
860,431000000.0
861,385000000.0
862,318000000.0
863,306000000.0
864,162000000.0
865,272000000.0
866,271000000.0
867,325000000.0
868,255000000.0
869,293000000.0
870,345000000.0
871,343000000.0
872,318000000.0
873,233000000.0
874,203000000.0
875,356000000.0
876,229000000.0
877,303000000.0
878,264000000.0
879,229000000.0
880,348000000.0
881,312000000.0
882,320000000.0
883,309000000.0
884,331000000.0
885,318000000.0
886,333000000.0
887,208000000.0
888,327000000.0
889,311000000.0
890,358000000.0
891,242000000.0
892,357000000.0
893,307000000.0
894,268000000.0
895,211000000.0
896,187000000.0
897,382000000.0
898,266000000.0
899,284000000.0
900,332000000.0
901,293000000.0
902,371000000.0
903,292000000.0
904,294000000.0
905,293000000.0
906,272000000.0
907,301000000.0
908,407000000.0
909,236000000.0
910,286000000.0
911,241000000.0
912,318000000.0
913,254000000.0
914,311000000.0
915,260000000.0
916,237000000.0
917,227000000.0
918,384000000.0
919,296000000.0
920,301000000.0
921,299000000.0
922,320000000.0
923,291000000.0
924,395000000.0
925,280000000.0
926,291000000.0
927,303000000.0
928,331000000.0
929,303000000.0
930,365000000.0
931,301000000.0
932,248000000.0
933,363000000.0
934,334000000.0
935,281000000.0
936,268000000.0
937,340000000.0
938,278000000.0
939,289000000.0
940,316000000.0
941,209000000.0
942,317000000.0
943,294000000.0
944,330000000.0
945,267000000.0
946,218000000.0
947,234000000.0
948,289000000.0
949,247000000.0
950,377000000.0
951,439000000.0
952,236000000.0
953,271000000.0
954,229000000.0
955,279000000.0
956,291000000.0
957,360000000.0
958,259000000.0
959,335000000.0
960,285000000.0
961,316000000.0
962,294000000.0
963,248000000.0
964,313000000.0
965,342000000.0
966,332000000.0
967,272000000.0
968,360000000.0
969,227000000.0
970,276000000.0
971,229000000.0
972,275000000.0
973,283000000.0
974,321000000.0
975,277000000.0
976,247000000.0
977,162000000.0
978,269000000.0
979,332000000.0
980,260000000.0
981,197000000.0
982,346000000.0
983,350000000.0
984,264000000.0
985,349000000.0
986,226000000.0
987,281000000.0
988,303000000.0
989,327000000.0
990,321000000.0
991,336000000.0
992,376000000.0
993,373000000.0
994,382000000.0
995,264000000.0
996,326000000.0
997,267000000.0
998,312000000.0
999,366000000.0
1000,241000000.0
1001,234000000.0
1002,278000000.0
1003,249000000.0
1004,310000000.0
1005,250000000.0
1006,285000000.0
1007,356000000.0
1008,259000000.0
1009,342000000.0
1010,385000000.0
1011,331000000.0
1012,326000000.0
1013,334000000.0
1014,288000000.0
1015,232000000.0
1016,372000000.0
1017,427000000.0
1018,317000000.0
1019,307000000.0
1020,322000000.0
1021,201000000.0
1022,295000000.0
1023,342000000.0
1024,325000000.0
1025,329000000.0
1026,304000000.0
1027,309000000.0
1028,285000000.0
1029,400000000.0
1030,259000000.0
1031,398000000.0
1032,212000000.0
1033,391000000.0
1034,221000000.0
1035,324000000.0
1036,277000000.0
1037,271000000.0
1038,288000000.0
1039,272000000.0
1040,428000000.0
1041,213000000.0
1042,279000000.0
1043,466000000.0
1044,281000000.0
1045,254000000.0
1046,321000000.0
1047,281000000.0
1048,308000000.0
1049,268000000.0
1050,275000000.0
1051,307000000.0
1052,269000000.0
1053,341000000.0
1054,300000000.0
1055,314000000.0
1056,263000000.0
1057,339000000.0
1058,266000000.0
1059,287000000.0
1060,384000000.0
1061,202000000.0
1062,248000000.0
1063,347000000.0
1064,311000000.0
1065,318000000.0
1066,316000000.0
1067,190000000.0
1068,321000000.0
1069,315000000.0
1070,240000000.0
1071,246000000.0
1072,222000000.0
1073,274000000.0
1074,268000000.0
1075,285000000.0
1076,329000000.0
1077,354000000.0
1078,264000000.0
1079,393000000.0
1080,194000000.0
1081,254000000.0
1082,262000000.0
1083,334000000.0
1084,322000000.0
1085,282000000.0
1086,268000000.0
1087,281000000.0
1088,386000000.0
1089,287000000.0
1090,385000000.0
1091,232000000.0
1092,294000000.0
1093,350000000.0
1094,373000000.0
1095,345000000.0
1096,189000000.0
1097,333000000.0
1098,278000000.0
1099,353000000.0
1100,246000000.0
1101,252000000.0
1102,284000000.0
1103,261000000.0
1104,318000000.0
1105,267000000.0
1106,370000000.0
1107,275000000.0
1108,289000000.0
1109,356000000.0
1110,246000000.0
1111,317000000.0
1112,259000000.0
1113,258000000.0
1114,291000000.0
1115,443000000.0
1116,310000000.0
1117,275000000.0
1118,328000000.0
1119,286000000.0
1120,397000000.0
1121,304000000.0
1122,296000000.0
1123,361000000.0
1124,357000000.0
1125,324000000.0
1126,353000000.0
1127,441000000.0
1128,293000000.0
1129,369000000.0
1130,316000000.0
1131,385000000.0
1132,366000000.0
1133,184000000.0
1134,351000000.0
1135,301000000.0
1136,286000000.0
1137,367000000.0
1138,397000000.0
1139,227000000.0
1140,319000000.0
1141,432000000.0
1142,278000000.0
1143,307000000.0
1144,316000000.0
1145,232000000.0
1146,336000000.0
1147,348000000.0
1148,324000000.0
1149,258000000.0
1150,309000000.0
1151,346000000.0
1152,292000000.0
1153,228000000.0
1154,244000000.0
1155,270000000.0
1156,377000000.0
1157,254000000.0
1158,275000000.0
1159,368000000.0
1160,332000000.0
1161,339000000.0
1162,304000000.0
1163,365000000.0
1164,302000000.0
1165,321000000.0
1166,294000000.0
1167,300000000.0
1168,323000000.0
1169,416000000.0
1170,363000000.0
1171,304000000.0
1172,190000000.0
1173,300000000.0
1174,213000000.0
1175,297000000.0
1176,257000000.0
1177,247000000.0
1178,284000000.0
1179,333000000.0
1180,336000000.0
1181,359000000.0
1182,184000000.0
1183,393000000.0
1184,243000000.0
1185,321000000.0
1186,421000000.0
1187,295000000.0
1188,382000000.0
1189,244000000.0
1190,303000000.0
1191,310000000.0
1192,462000000.0
1193,383000000.0
1194,262000000.0
1195,255000000.0
1196,310000000.0
1197,301000000.0
1198,248000000.0
1199,290000000.0
1200,280000000.0
1201,245000000.0
1202,366000000.0
1203,263000000.0
1204,258000000.0
1205,356000000.0
1206,353000000.0
1207,371000000.0
1208,261000000.0
1209,272000000.0
1210,365000000.0
1211,385000000.0
1212,344000000.0
1213,334000000.0
1214,427000000.0
1215,235000000.0
1216,342000000.0
1217,346000000.0
1218,325000000.0
1219,248000000.0
1220,410000000.0
1221,321000000.0
1222,257000000.0
1223,337000000.0
1224,349000000.0
1225,210000000.0
1226,410000000.0
1227,287000000.0
1228,329000000.0
1229,330000000.0
1230,363000000.0
1231,269000000.0
1232,355000000.0
1233,231000000.0
1234,338000000.0
1235,331000000.0
1236,382000000.0
1237,261000000.0
1238,385000000.0
1239,307000000.0
1240,289000000.0
1241,371000000.0
1242,275000000.0
1243,356000000.0
1244,343000000.0
1245,258000000.0
1246,298000000.0
1247,302000000.0
1248,311000000.0
1249,265000000.0
1250,246000000.0
1251,367000000.0
1252,297000000.0
1253,406000000.0
1254,394000000.0
1255,247000000.0
1256,385000000.0
1257,310000000.0
1258,301000000.0
1259,389000000.0
1260,321000000.0
1261,291000000.0
1262,322000000.0
1263,396000000.0
1264,312000000.0
1265,370000000.0
1266,344000000.0
1267,244000000.0
1268,390000000.0
1269,320000000.0
1270,224000000.0
1271,341000000.0
1272,225000000.0
1273,330000000.0
1274,366000000.0
1275,249000000.0
1276,254000000.0
1277,283000000.0
1278,277000000.0
1279,137000000.0
1280,262000000.0
1281,336000000.0
1282,304000000.0
1283,226000000.0
1284,368000000.0
1285,341000000.0
1286,262000000.0
1287,246000000.0
1288,290000000.0
1289,208000000.0
1290,375000000.0
1291,377000000.0
1292,358000000.0
1293,284000000.0
1294,402000000.0
1295,262000000.0
1296,312000000.0
1297,328000000.0
1298,276000000.0
1299,289000000.0
1300,247000000.0
1301,306000000.0
1302,375000000.0
1303,245000000.0
1304,307000000.0
1305,372000000.0
1306,386000000.0
1307,318000000.0
1308,237000000.0
1309,340000000.0
1310,331000000.0
1311,254000000.0
1312,367000000.0
1313,363000000.0
1314,354000000.0
1315,259000000.0
1316,317000000.0
1317,289000000.0
1318,237000000.0
1319,384000000.0
1320,338000000.0
1321,348000000.0
1322,307000000.0
1323,310000000.0
1324,306000000.0
1325,272000000.0
1326,334000000.0
1327,310000000.0
1328,325000000.0
1329,267000000.0
1330,360000000.0
1331,257000000.0
1332,297000000.0
1333,312000000.0
1334,316000000.0
1335,233000000.0
1336,269000000.0
1337,302000000.0
1338,344000000.0
1339,290000000.0
1340,245000000.0
1341,291000000.0
1342,325000000.0
1343,294000000.0
1344,330000000.0
1345,259000000.0
1346,291000000.0
1347,295000000.0
1348,364000000.0
1349,362000000.0
1350,372000000.0
1351,258000000.0
1352,319000000.0
1353,334000000.0
1354,341000000.0
1355,239000000.0
1356,206000000.0
1357,355000000.0
1358,349000000.0
1359,173000000.0
1360,353000000.0
1361,287000000.0
1362,269000000.0
1363,219000000.0
1364,394000000.0
1365,247000000.0
1366,229000000.0
1367,248000000.0
1368,322000000.0
1369,347000000.0
1370,225000000.0
1371,323000000.0
1372,311000000.0
1373,372000000.0
1374,421000000.0
1375,333000000.0
1376,260000000.0
1377,217000000.0
1378,288000000.0
1379,368000000.0
1380,247000000.0
1381,382000000.0
1382,310000000.0
1383,281000000.0
1384,326000000.0
1385,373000000.0
1386,289000000.0
1387,284000000.0
1388,241000000.0
1389,307000000.0
1390,335000000.0
1391,327000000.0
1392,267000000.0
1393,291000000.0
1394,320000000.0
1395,271000000.0
1396,353000000.0
1397,224000000.0
1398,270000000.0
1399,300000000.0
1400,267000000.0
1401,191000000.0
1402,310000000.0
1403,294000000.0
1404,299000000.0
1405,248000000.0
1406,332000000.0
1407,273000000.0
1408,326000000.0
1409,230000000.0
1410,303000000.0
1411,267000000.0
1412,361000000.0
1413,345000000.0
1414,221000000.0
1415,295000000.0
1416,306000000.0
1417,284000000.0
1418,227000000.0
1419,268000000.0
1420,347000000.0
1421,279000000.0
1422,356000000.0
1423,346000000.0
1424,302000000.0
1425,360000000.0
1426,306000000.0
1427,280000000.0
1428,330000000.0
1429,395000000.0
1430,201000000.0
1431,239000000.0
1432,232000000.0
1433,300000000.0
1434,256000000.0
1435,338000000.0
1436,311000000.0
1437,378000000.0
1438,335000000.0
1439,266000000.0
1440,339000000.0
1441,282000000.0
1442,324000000.0
1443,313000000.0
1444,310000000.0
1445,296000000.0
1446,355000000.0
1447,276000000.0
1448,249000000.0
1449,327000000.0
1450,240000000.0
1451,328000000.0
1452,290000000.0
1453,330000000.0
1454,322000000.0
1455,380000000.0
1456,350000000.0
1457,258000000.0
1458,329000000.0
1459,365000000.0
1460,314000000.0
1461,280000000.0
1462,284000000.0
1463,332000000.0
1464,352000000.0
1465,293000000.0
1466,338000000.0
1467,283000000.0
1468,334000000.0
1469,287000000.0
1470,327000000.0
1471,309000000.0
1472,371000000.0
1473,261000000.0
1474,259000000.0
1475,285000000.0
1476,279000000.0
1477,276000000.0
1478,356000000.0
1479,356000000.0
1480,318000000.0
1481,403000000.0
1482,282000000.0
1483,261000000.0
1484,292000000.0
1485,281000000.0
1486,262000000.0
1487,339000000.0
1488,316000000.0
1489,318000000.0
1490,312000000.0
1491,347000000.0
1492,291000000.0
1493,287000000.0
1494,303000000.0
1495,383000000.0
1496,291000000.0
1497,255000000.0
1498,357000000.0
1499,221000000.0
1500,341000000.0
1501,262000000.0
1502,382000000.0
1503,304000000.0
1504,245000000.0
1505,322000000.0
1506,287000000.0
1507,332000000.0
1508,207000000.0
1509,337000000.0
1510,287000000.0
1511,291000000.0
1512,351000000.0
1513,330000000.0
1514,294000000.0
1515,216000000.0
1516,262000000.0
1517,232000000.0
1518,207000000.0
1519,322000000.0
1520,331000000.0
1521,342000000.0
1522,314000000.0
1523,293000000.0
1524,379000000.0
1525,373000000.0
1526,375000000.0
1527,380000000.0
1528,294000000.0
1529,341000000.0
1530,293000000.0
1531,299000000.0
1532,288000000.0
1533,340000000.0
1534,274000000.0
1535,269000000.0
1536,262000000.0
1537,304000000.0
1538,286000000.0
1539,382000000.0
1540,302000000.0
1541,365000000.0
1542,324000000.0
1543,277000000.0
1544,257000000.0
1545,277000000.0
1546,262000000.0
1547,204000000.0
1548,290000000.0
1549,272000000.0
1550,287000000.0
1551,406000000.0
1552,251000000.0
1553,361000000.0
1554,364000000.0
1555,360000000.0
1556,379000000.0
1557,306000000.0
1558,345000000.0
1559,334000000.0
1560,299000000.0
1561,300000000.0
1562,328000000.0
1563,359000000.0
1564,259000000.0
1565,277000000.0
1566,352000000.0
1567,287000000.0
1568,239000000.0
1569,303000000.0
1570,356000000.0
1571,231000000.0
1572,256000000.0
1573,294000000.0
1574,321000000.0
1575,370000000.0
1576,382000000.0
1577,438000000.0
1578,267000000.0
1579,265000000.0
1580,350000000.0
1581,295000000.0
1582,340000000.0
1583,311000000.0
1584,342000000.0
1585,286000000.0
1586,282000000.0
1587,250000000.0
1588,234000000.0
1589,269000000.0
1590,367000000.0
1591,283000000.0
1592,298000000.0
1593,326000000.0
1594,370000000.0
1595,368000000.0
1596,292000000.0
1597,285000000.0
1598,288000000.0
1599,269000000.0
1600,279000000.0
1601,336000000.0
1602,344000000.0
1603,286000000.0
1604,328000000.0
1605,249000000.0
1606,307000000.0
1607,243000000.0
1608,387000000.0
1609,369000000.0
1610,230000000.0
1611,298000000.0
1612,203000000.0
1613,352000000.0
1614,311000000.0
1615,246000000.0
1616,287000000.0
1617,285000000.0
1618,286000000.0
1619,276000000.0
1620,341000000.0
1621,315000000.0
1622,226000000.0
1623,383000000.0
1624,343000000.0
1625,226000000.0
1626,280000000.0
1627,305000000.0
1628,364000000.0
1629,281000000.0
1630,334000000.0
1631,200000000.0
1632,306000000.0
1633,320000000.0
1634,247000000.0
1635,306000000.0
1636,334000000.0
1637,325000000.0
1638,345000000.0
1639,266000000.0
1640,323000000.0
1641,283000000.0
1642,301000000.0
1643,265000000.0
1644,292000000.0
1645,276000000.0
1646,302000000.0
1647,293000000.0
1648,239000000.0
1649,326000000.0
1650,337000000.0
1651,318000000.0
1652,259000000.0
1653,308000000.0
1654,355000000.0
1655,234000000.0
1656,327000000.0
1657,289000000.0
1658,269000000.0
1659,298000000.0
1660,344000000.0
1661,234000000.0
1662,296000000.0
1663,376000000.0
1664,201000000.0
1665,285000000.0
1666,235000000.0
1667,347000000.0
1668,284000000.0
1669,338000000.0
1670,318000000.0
1671,288000000.0
1672,336000000.0
1673,269000000.0
1674,369000000.0
1675,298000000.0
1676,290000000.0
1677,293000000.0
1678,296000000.0
1679,290000000.0
1680,302000000.0
1681,312000000.0
1682,264000000.0
1683,410000000.0
1684,253000000.0
1685,361000000.0
1686,318000000.0
1687,310000000.0
1688,245000000.0
1689,309000000.0
1690,212000000.0
1691,332000000.0
1692,343000000.0
1693,291000000.0
1694,320000000.0
1695,440000000.0
1696,280000000.0
1697,279000000.0
1698,291000000.0
1699,368000000.0
1700,342000000.0
1701,457000000.0
1702,223000000.0
1703,363000000.0
1704,365000000.0
1705,263000000.0
1706,298000000.0
1707,343000000.0
1708,336000000.0
1709,306000000.0
1710,336000000.0
1711,295000000.0
1712,339000000.0
1713,335000000.0
1714,304000000.0
1715,262000000.0
1716,290000000.0
1717,264000000.0
1718,334000000.0
1719,334000000.0
1720,401000000.0
1721,314000000.0
1722,295000000.0
1723,331000000.0
1724,272000000.0
1725,205000000.0
1726,401000000.0
1727,375000000.0
1728,327000000.0
1729,329000000.0
1730,352000000.0
1731,253000000.0
1732,285000000.0
1733,271000000.0
1734,273000000.0
1735,281000000.0
1736,315000000.0
1737,269000000.0
1738,437000000.0
1739,333000000.0
1740,347000000.0
1741,363000000.0
1742,225000000.0
1743,316000000.0
1744,366000000.0
1745,323000000.0
1746,295000000.0
1747,316000000.0
1748,281000000.0
1749,344000000.0
1750,270000000.0
1751,265000000.0
1752,291000000.0
1753,227000000.0
1754,369000000.0
1755,347000000.0
1756,301000000.0
1757,349000000.0
1758,298000000.0
1759,298000000.0
1760,194000000.0
1761,273000000.0
1762,321000000.0
1763,281000000.0
1764,279000000.0
1765,310000000.0
1766,402000000.0
1767,352000000.0
1768,266000000.0
1769,296000000.0
1770,276000000.0
1771,279000000.0
1772,327000000.0
1773,273000000.0
1774,284000000.0
1775,349000000.0
1776,285000000.0
1777,301000000.0
1778,346000000.0
1779,357000000.0
1780,264000000.0
1781,401000000.0
1782,272000000.0
1783,267000000.0
1784,310000000.0
1785,228000000.0
1786,285000000.0
1787,282000000.0
1788,378000000.0
1789,397000000.0
1790,216000000.0
1791,234000000.0
1792,344000000.0
1793,275000000.0
1794,237000000.0
1795,381000000.0
1796,274000000.0
1797,271000000.0
1798,291000000.0
1799,313000000.0
1800,301000000.0
1801,213000000.0
1802,328000000.0
1803,419000000.0
1804,301000000.0
1805,288000000.0
1806,249000000.0
1807,236000000.0
1808,394000000.0
1809,374000000.0
1810,285000000.0
1811,174000000.0
1812,279000000.0
1813,370000000.0
1814,324000000.0
1815,216000000.0
1816,237000000.0
1817,331000000.0
1818,281000000.0
1819,305000000.0
1820,349000000.0
1821,425000000.0
1822,275000000.0
1823,319000000.0
1824,319000000.0
1825,286000000.0
1826,335000000.0
1827,327000000.0
1828,280000000.0
1829,353000000.0
1830,363000000.0
1831,287000000.0
1832,281000000.0
1833,303000000.0
1834,273000000.0
1835,320000000.0
1836,318000000.0
1837,457000000.0
1838,338000000.0
1839,331000000.0
1840,319000000.0
1841,355000000.0
1842,227000000.0
1843,279000000.0
1844,313000000.0
1845,296000000.0
1846,265000000.0
1847,268000000.0
1848,355000000.0
1849,342000000.0
1850,438000000.0
1851,333000000.0
1852,269000000.0
1853,332000000.0
1854,392000000.0
1855,327000000.0
1856,289000000.0
1857,378000000.0
1858,372000000.0
1859,371000000.0
1860,290000000.0
1861,360000000.0
1862,275000000.0
1863,356000000.0
1864,401000000.0
1865,364000000.0
1866,323000000.0
1867,260000000.0
1868,332000000.0
1869,372000000.0
1870,307000000.0
1871,275000000.0
1872,282000000.0
1873,375000000.0
1874,362000000.0
1875,351000000.0
1876,282000000.0
1877,405000000.0
1878,331000000.0
1879,317000000.0
1880,311000000.0
1881,354000000.0
1882,288000000.0
1883,327000000.0
1884,344000000.0
1885,321000000.0
1886,253000000.0
1887,377000000.0
1888,249000000.0
1889,227000000.0
1890,278000000.0
1891,236000000.0
1892,337000000.0
1893,352000000.0
1894,295000000.0
1895,294000000.0
1896,337000000.0
1897,382000000.0
1898,311000000.0
1899,329000000.0
1900,248000000.0
1901,275000000.0
1902,329000000.0
1903,378000000.0
1904,287000000.0
1905,337000000.0
1906,334000000.0
1907,301000000.0
1908,405000000.0
1909,313000000.0
1910,340000000.0
1911,298000000.0
1912,352000000.0
1913,295000000.0
1914,411000000.0
1915,403000000.0
1916,383000000.0
1917,340000000.0
1918,301000000.0
1919,230000000.0
1920,360000000.0
1921,367000000.0
1922,353000000.0
1923,283000000.0
1924,275000000.0
1925,297000000.0
1926,270000000.0
1927,311000000.0
1928,342000000.0
1929,302000000.0
1930,370000000.0
1931,344000000.0
1932,245000000.0
1933,338000000.0
1934,365000000.0
1935,396000000.0
1936,326000000.0
1937,348000000.0
1938,227000000.0
1939,225000000.0
1940,313000000.0
1941,261000000.0
1942,333000000.0
1943,318000000.0
1944,338000000.0
1945,266000000.0
1946,296000000.0
1947,296000000.0
1948,286000000.0
1949,347000000.0
1950,319000000.0
1951,272000000.0
1952,214000000.0
1953,283000000.0
1954,326000000.0
1955,397000000.0
1956,333000000.0
1957,394000000.0
1958,363000000.0
1959,401000000.0
1960,339000000.0
1961,300000000.0
1962,277000000.0
1963,342000000.0
1964,215000000.0
1965,345000000.0
1966,330000000.0
1967,310000000.0
1968,298000000.0
1969,238000000.0
1970,311000000.0
1971,289000000.0
1972,335000000.0
1973,392000000.0
1974,318000000.0
1975,380000000.0
1976,406000000.0
1977,341000000.0
1978,304000000.0
1979,289000000.0
1980,267000000.0
1981,274000000.0
1982,404000000.0
1983,313000000.0
1984,331000000.0
1985,390000000.0
1986,340000000.0
1987,334000000.0
1988,298000000.0
1989,317000000.0
1990,325000000.0
1991,305000000.0
1992,357000000.0
1993,308000000.0
1994,289000000.0
1995,372000000.0
1996,333000000.0
1997,298000000.0
1998,286000000.0
1999,306000000.0
2000,318000000.0
2001,247000000.0
2002,307000000.0
2003,244000000.0
2004,319000000.0
2005,238000000.0
2006,342000000.0
2007,312000000.0
2008,298000000.0
2009,346000000.0
2010,244000000.0
2011,304000000.0
2012,312000000.0
2013,226000000.0
2014,294000000.0
2015,310000000.0
2016,359000000.0
2017,290000000.0
2018,444000000.0
2019,285000000.0
2020,331000000.0
2021,220000000.0
2022,360000000.0
2023,357000000.0
2024,432000000.0
2025,287000000.0
2026,283000000.0
2027,375000000.0
2028,296000000.0
2029,283000000.0
2030,380000000.0
2031,397000000.0
2032,331000000.0
2033,391000000.0
2034,321000000.0
2035,366000000.0
2036,307000000.0
2037,355000000.0
2038,360000000.0
2039,411000000.0
2040,354000000.0
2041,400000000.0
2042,305000000.0
2043,329000000.0
2044,373000000.0
2045,240000000.0
2046,305000000.0
2047,319000000.0
2048,313000000.0
2049,225000000.0
2050,265000000.0
2051,283000000.0
2052,383000000.0
2053,345000000.0
2054,284000000.0
2055,326000000.0
2056,342000000.0
2057,334000000.0
2058,273000000.0
2059,389000000.0
2060,217000000.0
2061,262000000.0
2062,268000000.0
2063,414000000.0
2064,305000000.0
2065,315000000.0
2066,214000000.0
2067,326000000.0
2068,304000000.0
2069,232000000.0
2070,237000000.0
2071,244000000.0
2072,261000000.0
2073,315000000.0
2074,362000000.0
2075,350000000.0
2076,353000000.0
2077,266000000.0
2078,248000000.0
2079,279000000.0
2080,395000000.0
2081,406000000.0
2082,361000000.0
2083,330000000.0
2084,256000000.0
2085,293000000.0
2086,289000000.0
2087,349000000.0
2088,269000000.0
2089,341000000.0
2090,308000000.0
2091,340000000.0
2092,378000000.0
2093,327000000.0
2094,377000000.0
2095,290000000.0
2096,397000000.0
2097,315000000.0
2098,340000000.0
2099,374000000.0
2100,340000000.0
2101,246000000.0
2102,241000000.0
2103,309000000.0
2104,370000000.0
2105,412000000.0
2106,390000000.0
2107,312000000.0
2108,241000000.0
2109,310000000.0
2110,288000000.0
2111,355000000.0
2112,347000000.0
2113,315000000.0
2114,401000000.0
2115,315000000.0
2116,331000000.0
2117,342000000.0
2118,300000000.0
2119,360000000.0
2120,370000000.0
2121,312000000.0
2122,285000000.0
2123,357000000.0
2124,262000000.0
2125,272000000.0
2126,344000000.0
2127,237000000.0
2128,309000000.0
2129,416000000.0
2130,261000000.0
2131,320000000.0
2132,340000000.0
2133,376000000.0
2134,321000000.0
2135,340000000.0
2136,319000000.0
2137,328000000.0
2138,309000000.0
2139,351000000.0
2140,417000000.0
2141,353000000.0
2142,224000000.0
2143,415000000.0
2144,309000000.0
2145,449000000.0
2146,321000000.0
2147,243000000.0
2148,234000000.0
2149,313000000.0
2150,204000000.0
2151,382000000.0
2152,234000000.0
2153,334000000.0
2154,330000000.0
2155,315000000.0
2156,329000000.0
2157,272000000.0
2158,255000000.0
2159,329000000.0
2160,354000000.0
2161,360000000.0
2162,335000000.0
2163,292000000.0
2164,372000000.0
2165,290000000.0
2166,339000000.0
2167,389000000.0
2168,345000000.0
2169,274000000.0
2170,286000000.0
2171,343000000.0
2172,321000000.0
2173,304000000.0
2174,384000000.0
2175,333000000.0
2176,292000000.0
2177,338000000.0
2178,276000000.0
2179,271000000.0
2180,372000000.0
2181,302000000.0
2182,319000000.0
2183,285000000.0
2184,325000000.0
2185,293000000.0
2186,445000000.0
2187,298000000.0
2188,334000000.0
2189,313000000.0
2190,259000000.0
2191,409000000.0
2192,405000000.0
2193,310000000.0
2194,346000000.0
2195,330000000.0
2196,388000000.0
2197,345000000.0
2198,224000000.0
2199,297000000.0
2200,331000000.0
2201,319000000.0
2202,203000000.0
2203,357000000.0
2204,282000000.0
2205,293000000.0
2206,422000000.0
2207,302000000.0
2208,318000000.0
2209,338000000.0
2210,272000000.0
2211,320000000.0
2212,332000000.0
2213,248000000.0
2214,284000000.0
2215,305000000.0
2216,317000000.0
2217,348000000.0
2218,299000000.0
2219,260000000.0
2220,360000000.0
2221,371000000.0
2222,240000000.0
2223,268000000.0
2224,295000000.0
2225,303000000.0
2226,293000000.0
2227,247000000.0
2228,336000000.0
2229,330000000.0
2230,347000000.0
2231,383000000.0
2232,434000000.0
2233,319000000.0
2234,334000000.0
2235,366000000.0
2236,285000000.0
2237,325000000.0
2238,277000000.0
2239,263000000.0
2240,325000000.0
2241,281000000.0
2242,291000000.0
2243,408000000.0
2244,289000000.0
2245,323000000.0
2246,362000000.0
2247,261000000.0
2248,279000000.0
2249,362000000.0
2250,235000000.0
2251,303000000.0
2252,294000000.0
2253,319000000.0
2254,256000000.0
2255,386000000.0
2256,337000000.0
2257,321000000.0
2258,271000000.0
2259,337000000.0
2260,408000000.0
2261,299000000.0
2262,315000000.0
2263,385000000.0
2264,388000000.0
2265,312000000.0
2266,364000000.0
2267,325000000.0
2268,358000000.0
2269,315000000.0
2270,309000000.0
2271,276000000.0
2272,333000000.0
2273,330000000.0
2274,399000000.0
2275,368000000.0
2276,272000000.0
2277,305000000.0
2278,287000000.0
2279,338000000.0
2280,376000000.0
2281,263000000.0
2282,340000000.0
2283,314000000.0
2284,301000000.0
2285,304000000.0
2286,386000000.0
2287,328000000.0
2288,356000000.0
2289,352000000.0
2290,341000000.0
2291,375000000.0
2292,361000000.0
2293,359000000.0
2294,277000000.0
2295,357000000.0
2296,340000000.0
2297,303000000.0
2298,286000000.0
2299,330000000.0
2300,377000000.0
2301,331000000.0
2302,313000000.0
2303,424000000.0
2304,358000000.0
2305,324000000.0
2306,311000000.0
2307,267000000.0
2308,341000000.0
2309,402000000.0
2310,315000000.0
2311,320000000.0
2312,277000000.0
2313,280000000.0
2314,255000000.0
2315,394000000.0
2316,291000000.0
2317,270000000.0
2318,246000000.0
2319,347000000.0
2320,275000000.0
2321,399000000.0
2322,274000000.0
2323,306000000.0
2324,290000000.0
2325,366000000.0
2326,176000000.0
2327,341000000.0
2328,340000000.0
2329,298000000.0
2330,343000000.0
2331,337000000.0
2332,346000000.0
2333,295000000.0
2334,343000000.0
2335,446000000.0
2336,273000000.0
2337,333000000.0
2338,367000000.0
2339,289000000.0
2340,316000000.0
2341,299000000.0
2342,270000000.0
2343,432000000.0
2344,302000000.0
2345,283000000.0
2346,263000000.0
2347,265000000.0
2348,352000000.0
2349,377000000.0
2350,304000000.0
2351,299000000.0
2352,306000000.0
2353,280000000.0
2354,258000000.0
2355,386000000.0
2356,244000000.0
2357,301000000.0
2358,288000000.0
2359,304000000.0
2360,375000000.0
2361,316000000.0
2362,237000000.0
2363,272000000.0
2364,312000000.0
2365,268000000.0
2366,367000000.0
2367,265000000.0
2368,363000000.0
2369,318000000.0
2370,370000000.0
2371,217000000.0
2372,327000000.0
2373,280000000.0
2374,301000000.0
2375,374000000.0
2376,255000000.0
2377,365000000.0
2378,324000000.0
2379,305000000.0
2380,273000000.0
2381,420000000.0
2382,317000000.0
2383,323000000.0
2384,308000000.0
2385,364000000.0
2386,351000000.0
2387,428000000.0
2388,340000000.0
2389,303000000.0
2390,306000000.0
2391,290000000.0
2392,341000000.0
2393,389000000.0
2394,327000000.0
2395,331000000.0
2396,325000000.0
2397,322000000.0
2398,422000000.0
2399,295000000.0
2400,295000000.0
2401,299000000.0
2402,293000000.0
2403,278000000.0
2404,386000000.0
2405,339000000.0
2406,372000000.0
2407,264000000.0
2408,340000000.0
2409,354000000.0
2410,312000000.0
2411,267000000.0
2412,376000000.0
2413,363000000.0
2414,358000000.0
2415,292000000.0
2416,317000000.0
2417,288000000.0
2418,298000000.0
2419,351000000.0
2420,331000000.0
2421,348000000.0
2422,373000000.0
2423,298000000.0
2424,432000000.0
2425,352000000.0
2426,233000000.0
2427,317000000.0
2428,342000000.0
2429,309000000.0
2430,319000000.0
2431,438000000.0
2432,342000000.0
2433,310000000.0
2434,317000000.0
2435,341000000.0
2436,340000000.0
2437,455000000.0
2438,346000000.0
2439,365000000.0
2440,329000000.0
2441,342000000.0
2442,260000000.0
2443,286000000.0
2444,365000000.0
2445,331000000.0
2446,313000000.0
2447,355000000.0
2448,309000000.0
2449,290000000.0
2450,340000000.0
2451,313000000.0
2452,338000000.0
2453,273000000.0
2454,278000000.0
2455,316000000.0
2456,401000000.0
2457,351000000.0
2458,246000000.0
2459,392000000.0
2460,360000000.0
2461,459000000.0
2462,402000000.0
2463,270000000.0
2464,344000000.0
2465,224000000.0
2466,278000000.0
2467,321000000.0
2468,250000000.0
2469,257000000.0
2470,277000000.0
2471,358000000.0
2472,282000000.0
2473,412000000.0
2474,228000000.0
2475,281000000.0
2476,301000000.0
2477,365000000.0
2478,298000000.0
2479,352000000.0
2480,342000000.0
2481,284000000.0
2482,305000000.0
2483,333000000.0
2484,223000000.0
2485,287000000.0
2486,325000000.0
2487,379000000.0
2488,347000000.0
2489,361000000.0
2490,355000000.0
2491,341000000.0
2492,374000000.0
2493,265000000.0
2494,338000000.0
2495,331000000.0
2496,410000000.0
2497,333000000.0
2498,327000000.0
2499,307000000.0
2500,369000000.0
2501,389000000.0
2502,280000000.0
2503,346000000.0
2504,347000000.0
2505,333000000.0
2506,291000000.0
2507,360000000.0
2508,364000000.0
2509,292000000.0
2510,347000000.0
2511,364000000.0
2512,278000000.0
2513,308000000.0
2514,319000000.0
2515,299000000.0
2516,392000000.0
2517,278000000.0
2518,304000000.0
2519,386000000.0
2520,333000000.0
2521,331000000.0
2522,344000000.0
2523,419000000.0
2524,381000000.0
2525,300000000.0
2526,351000000.0
2527,316000000.0
2528,358000000.0
2529,370000000.0
2530,358000000.0
2531,274000000.0
2532,297000000.0
2533,301000000.0
2534,339000000.0
2535,314000000.0
2536,361000000.0
2537,300000000.0
2538,327000000.0
2539,316000000.0
2540,363000000.0
2541,297000000.0
2542,328000000.0
2543,282000000.0
2544,310000000.0
2545,361000000.0
2546,292000000.0
2547,347000000.0
2548,436000000.0
2549,300000000.0
2550,387000000.0
2551,399000000.0
2552,316000000.0
2553,360000000.0
2554,357000000.0
2555,243000000.0
2556,366000000.0
2557,396000000.0
2558,375000000.0
2559,253000000.0
2560,278000000.0
2561,320000000.0
2562,317000000.0
2563,411000000.0
2564,257000000.0
2565,261000000.0
2566,358000000.0
2567,291000000.0
2568,307000000.0
2569,363000000.0
2570,322000000.0
2571,277000000.0
2572,309000000.0
2573,324000000.0
2574,410000000.0
2575,385000000.0
2576,281000000.0
2577,279000000.0
2578,363000000.0
2579,267000000.0
2580,311000000.0
2581,307000000.0
2582,397000000.0
2583,357000000.0
2584,271000000.0
2585,287000000.0
2586,345000000.0
2587,237000000.0
2588,276000000.0
2589,369000000.0
2590,278000000.0
2591,278000000.0
2592,307000000.0
2593,319000000.0
2594,291000000.0
2595,377000000.0
2596,341000000.0
2597,244000000.0
2598,289000000.0
2599,329000000.0
2600,285000000.0
2601,386000000.0
2602,331000000.0
2603,320000000.0
2604,256000000.0
2605,257000000.0
2606,332000000.0
2607,280000000.0
2608,302000000.0
2609,354000000.0
2610,257000000.0
2611,359000000.0
2612,315000000.0
2613,218000000.0
2614,339000000.0
2615,387000000.0
2616,310000000.0
2617,340000000.0
2618,304000000.0
2619,271000000.0
2620,339000000.0
2621,394000000.0
2622,325000000.0
2623,294000000.0
2624,255000000.0
2625,222000000.0
2626,305000000.0
2627,329000000.0
2628,451000000.0
2629,339000000.0
2630,368000000.0
2631,268000000.0
2632,301000000.0
2633,365000000.0
2634,251000000.0
2635,203000000.0
2636,343000000.0
2637,346000000.0
2638,299000000.0
2639,266000000.0
2640,297000000.0
2641,293000000.0
2642,300000000.0
2643,271000000.0
2644,265000000.0
2645,228000000.0
2646,282000000.0
2647,382000000.0
2648,253000000.0
2649,280000000.0
2650,373000000.0
2651,284000000.0
2652,327000000.0
2653,309000000.0
2654,243000000.0
2655,239000000.0
2656,241000000.0
2657,296000000.0
2658,273000000.0
2659,214000000.0
2660,335000000.0
2661,263000000.0
2662,256000000.0
2663,307000000.0
2664,235000000.0
2665,245000000.0
2666,222000000.0
2667,309000000.0
2668,351000000.0
2669,346000000.0
2670,302000000.0
2671,256000000.0
2672,325000000.0
2673,371000000.0
2674,303000000.0
2675,212000000.0
2676,357000000.0
2677,272000000.0
2678,394000000.0
2679,271000000.0
2680,265000000.0
2681,240000000.0
2682,381000000.0
2683,275000000.0
2684,368000000.0
2685,270000000.0
2686,271000000.0
2687,250000000.0
2688,234000000.0
2689,345000000.0
2690,347000000.0
2691,278000000.0
2692,377000000.0
2693,225000000.0
2694,226000000.0
2695,296000000.0
2696,433000000.0
2697,375000000.0
2698,248000000.0
2699,322000000.0
2700,321000000.0
2701,286000000.0
2702,304000000.0
2703,213000000.0
2704,362000000.0
2705,371000000.0
2706,349000000.0
2707,170000000.0
2708,244000000.0
2709,237000000.0
2710,320000000.0
2711,313000000.0
2712,268000000.0
2713,394000000.0
2714,389000000.0
2715,336000000.0
2716,374000000.0
2717,337000000.0
2718,395000000.0
2719,241000000.0
2720,318000000.0
2721,284000000.0
2722,264000000.0
2723,255000000.0
2724,247000000.0
2725,416000000.0
2726,329000000.0
2727,290000000.0
2728,250000000.0
2729,214000000.0
2730,276000000.0
2731,261000000.0
2732,250000000.0
2733,289000000.0
2734,284000000.0
2735,334000000.0
2736,264000000.0
2737,277000000.0
2738,409000000.0
2739,329000000.0
2740,358000000.0
2741,307000000.0
2742,276000000.0
2743,263000000.0
2744,336000000.0
2745,371000000.0
2746,188000000.0
2747,340000000.0
2748,269000000.0
2749,345000000.0
2750,273000000.0
2751,323000000.0
2752,329000000.0
2753,251000000.0
2754,262000000.0
2755,267000000.0
2756,204000000.0
2757,288000000.0
2758,315000000.0
2759,340000000.0
2760,246000000.0
2761,353000000.0
2762,221000000.0
2763,341000000.0
2764,289000000.0
2765,290000000.0
2766,316000000.0
2767,315000000.0
2768,286000000.0
2769,257000000.0
2770,396000000.0
2771,341000000.0
2772,264000000.0
2773,246000000.0
2774,366000000.0
2775,395000000.0
2776,246000000.0
2777,218000000.0
2778,352000000.0
2779,318000000.0
2780,260000000.0
2781,221000000.0
2782,297000000.0
2783,285000000.0
2784,297000000.0
2785,346000000.0
2786,284000000.0
2787,252000000.0
2788,341000000.0
2789,346000000.0
2790,350000000.0
2791,249000000.0
2792,214000000.0
2793,293000000.0
2794,300000000.0
2795,274000000.0
2796,245000000.0
2797,349000000.0
2798,355000000.0
2799,358000000.0
2800,381000000.0
2801,307000000.0
2802,327000000.0
2803,333000000.0
2804,304000000.0
2805,310000000.0
2806,244000000.0
2807,223000000.0
2808,344000000.0
2809,257000000.0
2810,263000000.0
2811,340000000.0
2812,313000000.0
2813,280000000.0
2814,277000000.0
2815,279000000.0
2816,314000000.0
2817,373000000.0
2818,226000000.0
2819,291000000.0
2820,262000000.0
2821,315000000.0
2822,262000000.0
2823,358000000.0
2824,370000000.0
2825,268000000.0
2826,338000000.0
2827,358000000.0
2828,239000000.0
2829,372000000.0
2830,361000000.0
2831,310000000.0
2832,279000000.0
2833,319000000.0
2834,351000000.0
2835,321000000.0
2836,252000000.0
2837,261000000.0
2838,351000000.0
2839,352000000.0
2840,220000000.0
2841,297000000.0
2842,336000000.0
2843,273000000.0
2844,185000000.0
2845,319000000.0
2846,388000000.0
2847,280000000.0
2848,294000000.0
2849,202000000.0
2850,232000000.0
2851,347000000.0
2852,252000000.0
2853,293000000.0
2854,238000000.0
2855,282000000.0
2856,291000000.0
2857,316000000.0
2858,336000000.0
2859,342000000.0
2860,183000000.0
2861,358000000.0
2862,314000000.0
2863,229000000.0
2864,350000000.0
2865,268000000.0
2866,332000000.0
2867,324000000.0
2868,246000000.0
2869,268000000.0
2870,242000000.0
2871,160000000.0
2872,336000000.0
2873,360000000.0
2874,345000000.0
2875,363000000.0
2876,280000000.0
2877,320000000.0
2878,198000000.0
2879,278000000.0
2880,205000000.0
2881,217000000.0
2882,261000000.0
2883,295000000.0
2884,309000000.0
2885,309000000.0
2886,339000000.0
2887,395000000.0
2888,229000000.0
2889,348000000.0
2890,365000000.0
2891,304000000.0
2892,376000000.0
2893,312000000.0
2894,301000000.0
2895,328000000.0
2896,293000000.0
2897,338000000.0
2898,353000000.0
2899,382000000.0
2900,311000000.0
2901,266000000.0
2902,279000000.0
2903,171000000.0
2904,313000000.0
2905,370000000.0
2906,263000000.0
2907,283000000.0
2908,360000000.0
2909,380000000.0
2910,265000000.0
2911,214000000.0
2912,240000000.0
2913,250000000.0
2914,343000000.0
2915,271000000.0
2916,383000000.0
2917,262000000.0
2918,256000000.0
2919,325000000.0
2920,276000000.0
2921,312000000.0
2922,266000000.0
2923,384000000.0
2924,305000000.0
2925,292000000.0
2926,263000000.0
2927,201000000.0
2928,250000000.0
2929,395000000.0
2930,351000000.0
2931,367000000.0
2932,329000000.0
2933,261000000.0
2934,207000000.0
2935,245000000.0
2936,300000000.0
2937,366000000.0
2938,303000000.0
2939,285000000.0
2940,186000000.0
2941,246000000.0
2942,276000000.0
2943,337000000.0
2944,308000000.0
2945,407000000.0
2946,236000000.0
2947,239000000.0
2948,334000000.0
2949,345000000.0
2950,355000000.0
2951,292000000.0
2952,331000000.0
2953,300000000.0
2954,339000000.0
2955,364000000.0
2956,270000000.0
2957,264000000.0
2958,323000000.0
2959,376000000.0
2960,282000000.0
2961,287000000.0
2962,336000000.0
2963,324000000.0
2964,303000000.0
2965,234000000.0
2966,390000000.0
2967,246000000.0
2968,317000000.0
2969,255000000.0
2970,388000000.0
2971,347000000.0
2972,357000000.0
2973,367000000.0
2974,316000000.0
2975,372000000.0
2976,206000000.0
2977,264000000.0
2978,321000000.0
2979,252000000.0
2980,432000000.0
2981,285000000.0
2982,270000000.0
2983,370000000.0
2984,374000000.0
2985,409000000.0
2986,340000000.0
2987,387000000.0
2988,295000000.0
2989,405000000.0
2990,306000000.0
2991,351000000.0
2992,374000000.0
2993,363000000.0
2994,330000000.0
2995,301000000.0
2996,375000000.0
2997,359000000.0
2998,287000000.0
2999,405000000.0
3000,308000000.0
3001,355000000.0
3002,243000000.0
3003,362000000.0
3004,427000000.0
3005,308000000.0
3006,418000000.0
3007,334000000.0
3008,319000000.0
3009,362000000.0
3010,386000000.0
3011,436000000.0
3012,313000000.0
3013,357000000.0
3014,304000000.0
3015,341000000.0
3016,334000000.0
3017,373000000.0
3018,365000000.0
3019,377000000.0
3020,290000000.0
3021,422000000.0
3022,263000000.0
3023,336000000.0
3024,289000000.0
3025,325000000.0
3026,318000000.0
3027,360000000.0
3028,342000000.0
3029,398000000.0
3030,345000000.0
3031,295000000.0
3032,333000000.0
3033,278000000.0
3034,365000000.0
3035,332000000.0
3036,336000000.0
3037,407000000.0
3038,372000000.0
3039,292000000.0
3040,263000000.0
3041,417000000.0
3042,216000000.0
3043,352000000.0
3044,307000000.0
3045,326000000.0
3046,384000000.0
3047,362000000.0
3048,318000000.0
3049,362000000.0
3050,296000000.0
3051,294000000.0
3052,373000000.0
3053,302000000.0
3054,377000000.0
3055,348000000.0
3056,306000000.0
3057,276000000.0
3058,204000000.0
3059,244000000.0
3060,242000000.0
3061,309000000.0
3062,372000000.0
3063,301000000.0
3064,327000000.0
3065,356000000.0
3066,365000000.0
3067,381000000.0
3068,340000000.0
3069,419000000.0
3070,276000000.0
3071,361000000.0
3072,226000000.0
3073,387000000.0
3074,272000000.0
3075,275000000.0
3076,416000000.0
3077,188000000.0
3078,331000000.0
3079,194000000.0
3080,348000000.0
3081,238000000.0
3082,255000000.0
3083,312000000.0
3084,251000000.0
3085,333000000.0
3086,336000000.0
3087,290000000.0
3088,313000000.0
3089,264000000.0
3090,278000000.0
3091,278000000.0
3092,405000000.0
3093,278000000.0
3094,369000000.0
3095,400000000.0
3096,365000000.0
3097,248000000.0
3098,369000000.0
3099,318000000.0
3100,338000000.0
3101,295000000.0
3102,454000000.0
3103,301000000.0
3104,283000000.0
3105,291000000.0
3106,391000000.0
3107,266000000.0
3108,185000000.0
3109,296000000.0
3110,254000000.0
3111,297000000.0
3112,377000000.0
3113,243000000.0
3114,368000000.0
3115,424000000.0
3116,221000000.0
3117,309000000.0
3118,234000000.0
3119,263000000.0
3120,317000000.0
3121,383000000.0
3122,330000000.0
3123,212000000.0
3124,307000000.0
3125,334000000.0
3126,390000000.0
3127,339000000.0
3128,307000000.0
3129,211000000.0
3130,361000000.0
3131,257000000.0
3132,317000000.0
3133,327000000.0
3134,376000000.0
3135,398000000.0
3136,335000000.0
3137,310000000.0
3138,273000000.0
3139,262000000.0
3140,274000000.0
3141,258000000.0
3142,222000000.0
3143,214000000.0
3144,330000000.0
3145,319000000.0
3146,258000000.0
3147,232000000.0
3148,227000000.0
3149,248000000.0
3150,335000000.0
3151,385000000.0
3152,305000000.0
3153,385000000.0
3154,378000000.0
3155,302000000.0
3156,295000000.0
3157,265000000.0
3158,259000000.0
3159,194000000.0
3160,292000000.0
3161,424000000.0
3162,302000000.0
3163,217000000.0
3164,335000000.0
3165,183000000.0
3166,340000000.0
3167,317000000.0
3168,309000000.0
3169,326000000.0
3170,291000000.0
3171,351000000.0
3172,304000000.0
3173,391000000.0
3174,372000000.0
3175,366000000.0
3176,172000000.0
3177,295000000.0
3178,371000000.0
3179,193000000.0
3180,249000000.0
3181,237000000.0
3182,334000000.0
3183,341000000.0
3184,322000000.0
3185,276000000.0
3186,330000000.0
3187,335000000.0
3188,300000000.0
3189,322000000.0
3190,348000000.0
3191,313000000.0
3192,159000000.0
3193,427000000.0
3194,346000000.0
3195,298000000.0
3196,278000000.0
3197,326000000.0
3198,329000000.0
3199,353000000.0
3200,230000000.0
3201,388000000.0
3202,266000000.0
3203,231000000.0
3204,357000000.0
3205,222000000.0
3206,357000000.0
3207,438000000.0
3208,279000000.0
3209,417000000.0
3210,312000000.0
3211,340000000.0
3212,385000000.0
3213,314000000.0
3214,362000000.0
3215,375000000.0
3216,254000000.0
3217,334000000.0
3218,335000000.0
3219,271000000.0
3220,360000000.0
3221,422000000.0
3222,283000000.0
3223,286000000.0
3224,293000000.0
3225,351000000.0
3226,302000000.0
3227,319000000.0
3228,331000000.0
3229,316000000.0
3230,326000000.0
3231,258000000.0
3232,423000000.0
3233,359000000.0
3234,358000000.0
3235,276000000.0
3236,274000000.0
3237,313000000.0
3238,308000000.0
3239,282000000.0
3240,276000000.0
3241,293000000.0
3242,313000000.0
3243,409000000.0
3244,222000000.0
3245,299000000.0
3246,321000000.0
3247,280000000.0
3248,320000000.0
3249,225000000.0
3250,290000000.0
3251,279000000.0
3252,365000000.0
3253,227000000.0
3254,317000000.0
3255,285000000.0
3256,306000000.0
3257,270000000.0
3258,260000000.0
3259,351000000.0
3260,323000000.0
3261,271000000.0
3262,417000000.0
3263,264000000.0
3264,245000000.0
3265,347000000.0
3266,310000000.0
3267,329000000.0
3268,247000000.0
3269,341000000.0
3270,332000000.0
3271,202000000.0
3272,344000000.0
3273,428000000.0
3274,274000000.0
3275,257000000.0
3276,348000000.0
3277,311000000.0
3278,311000000.0
3279,327000000.0
3280,231000000.0
3281,373000000.0
3282,278000000.0
3283,349000000.0
3284,254000000.0
3285,361000000.0
3286,220000000.0
3287,211000000.0
3288,262000000.0
3289,303000000.0
3290,297000000.0
3291,312000000.0
3292,409000000.0
3293,300000000.0
3294,253000000.0
3295,289000000.0
3296,351000000.0
3297,370000000.0
3298,285000000.0
3299,434000000.0
3300,254000000.0
3301,157000000.0
3302,285000000.0
3303,374000000.0
3304,316000000.0
3305,292000000.0
3306,352000000.0
3307,254000000.0
3308,316000000.0
3309,284000000.0
3310,376000000.0
3311,259000000.0
3312,296000000.0
3313,296000000.0
3314,247000000.0
3315,378000000.0
3316,332000000.0
3317,352000000.0
3318,388000000.0
3319,350000000.0
3320,282000000.0
3321,305000000.0
3322,321000000.0
3323,303000000.0
3324,349000000.0
3325,282000000.0
3326,210000000.0
3327,271000000.0
3328,232000000.0
3329,319000000.0
3330,223000000.0
3331,268000000.0
3332,231000000.0
3333,308000000.0
3334,346000000.0
3335,345000000.0
3336,380000000.0
3337,268000000.0
3338,301000000.0
3339,314000000.0
3340,347000000.0
3341,259000000.0
3342,322000000.0
3343,350000000.0
3344,276000000.0
3345,165000000.0
3346,200000000.0
3347,305000000.0
3348,291000000.0
3349,337000000.0
3350,209000000.0
3351,318000000.0
3352,289000000.0
3353,302000000.0
3354,422000000.0
3355,288000000.0
3356,325000000.0
3357,200000000.0
3358,376000000.0
3359,372000000.0
3360,283000000.0
3361,398000000.0
3362,383000000.0
3363,267000000.0
3364,268000000.0
3365,228000000.0
3366,399000000.0
3367,255000000.0
3368,249000000.0
3369,349000000.0
3370,341000000.0
3371,215000000.0
3372,236000000.0
3373,318000000.0
3374,325000000.0
3375,296000000.0
3376,286000000.0
3377,343000000.0
3378,348000000.0
3379,251000000.0
3380,212000000.0
3381,390000000.0
3382,342000000.0
3383,384000000.0
3384,334000000.0
3385,226000000.0
3386,352000000.0
3387,274000000.0
3388,287000000.0
3389,234000000.0
3390,310000000.0
3391,336000000.0
3392,283000000.0
3393,339000000.0
3394,293000000.0
3395,255000000.0
3396,189000000.0
3397,361000000.0
3398,296000000.0
3399,188000000.0
3400,325000000.0
3401,276000000.0
3402,326000000.0
3403,302000000.0
3404,356000000.0
3405,328000000.0
3406,257000000.0
3407,394000000.0
3408,312000000.0
3409,278000000.0
3410,312000000.0
3411,362000000.0
3412,255000000.0
3413,231000000.0
3414,290000000.0
3415,316000000.0
3416,290000000.0
3417,289000000.0
3418,363000000.0
3419,415000000.0
3420,260000000.0
3421,267000000.0
3422,284000000.0
3423,270000000.0
3424,280000000.0
3425,242000000.0
3426,310000000.0
3427,369000000.0
3428,292000000.0
3429,346000000.0
3430,299000000.0
3431,225000000.0
3432,310000000.0
3433,249000000.0
3434,271000000.0
3435,210000000.0
3436,305000000.0
3437,254000000.0
3438,265000000.0
3439,302000000.0
3440,232000000.0
3441,384000000.0
3442,299000000.0
3443,270000000.0
3444,333000000.0
3445,365000000.0
3446,300000000.0
3447,309000000.0
3448,304000000.0
3449,369000000.0
3450,304000000.0
3451,297000000.0
3452,277000000.0
3453,313000000.0
3454,294000000.0
3455,296000000.0
3456,408000000.0
3457,219000000.0
3458,360000000.0
3459,304000000.0
3460,337000000.0
3461,367000000.0
3462,343000000.0
3463,271000000.0
3464,340000000.0
3465,335000000.0
3466,357000000.0
3467,331000000.0
3468,402000000.0
3469,306000000.0
3470,347000000.0
3471,318000000.0
3472,378000000.0
3473,371000000.0
3474,397000000.0
3475,227000000.0
3476,253000000.0
3477,321000000.0
3478,258000000.0
3479,327000000.0
3480,215000000.0
3481,312000000.0
3482,272000000.0
3483,321000000.0
3484,366000000.0
3485,335000000.0
3486,295000000.0
3487,301000000.0
3488,282000000.0
3489,297000000.0
3490,322000000.0
3491,292000000.0
3492,287000000.0
3493,305000000.0
3494,301000000.0
3495,285000000.0
3496,408000000.0
3497,321000000.0
3498,295000000.0
3499,263000000.0
3500,343000000.0
3501,207000000.0
3502,330000000.0
3503,442000000.0
3504,246000000.0
3505,283000000.0
3506,429000000.0
3507,318000000.0
3508,263000000.0
3509,272000000.0
3510,190000000.0
3511,215000000.0
3512,317000000.0
3513,257000000.0
3514,283000000.0
3515,375000000.0
3516,290000000.0
3517,299000000.0
3518,302000000.0
3519,277000000.0
3520,339000000.0
3521,351000000.0
3522,287000000.0
3523,400000000.0
3524,246000000.0
3525,363000000.0
3526,311000000.0
3527,353000000.0
3528,303000000.0
3529,227000000.0
3530,223000000.0
3531,354000000.0
3532,313000000.0
3533,337000000.0
3534,358000000.0
3535,307000000.0
3536,248000000.0
3537,366000000.0
3538,334000000.0
3539,226000000.0
3540,362000000.0
3541,290000000.0
3542,361000000.0
3543,348000000.0
3544,385000000.0
3545,208000000.0
3546,347000000.0
3547,363000000.0
3548,301000000.0
3549,261000000.0
3550,298000000.0
3551,340000000.0
3552,337000000.0
3553,363000000.0
3554,251000000.0
3555,318000000.0
3556,392000000.0
3557,405000000.0
3558,263000000.0
3559,422000000.0
3560,336000000.0
3561,370000000.0
3562,239000000.0
3563,293000000.0
3564,255000000.0
3565,287000000.0
3566,296000000.0
3567,353000000.0
3568,389000000.0
3569,284000000.0
3570,330000000.0
3571,215000000.0
3572,308000000.0
3573,299000000.0
3574,433000000.0
3575,245000000.0
3576,391000000.0
3577,267000000.0
3578,337000000.0
3579,296000000.0
3580,282000000.0
3581,380000000.0
3582,329000000.0
3583,252000000.0
3584,241000000.0
3585,323000000.0
3586,394000000.0
3587,332000000.0
3588,201000000.0
3589,299000000.0
3590,326000000.0
3591,256000000.0
3592,269000000.0
3593,300000000.0
3594,362000000.0
3595,352000000.0
3596,211000000.0
3597,207000000.0
3598,287000000.0
3599,352000000.0
3600,265000000.0
3601,366000000.0
3602,274000000.0
3603,286000000.0
3604,270000000.0
3605,375000000.0
3606,307000000.0
3607,292000000.0
3608,456000000.0
3609,393000000.0
3610,359000000.0
3611,256000000.0
3612,295000000.0
3613,421000000.0
3614,410000000.0
3615,293000000.0
3616,340000000.0
3617,265000000.0
3618,354000000.0
3619,249000000.0
3620,342000000.0
3621,276000000.0
3622,229000000.0
3623,354000000.0
3624,370000000.0
3625,291000000.0
3626,342000000.0
3627,334000000.0
3628,341000000.0
3629,396000000.0
3630,310000000.0
3631,333000000.0
3632,335000000.0
3633,380000000.0
3634,247000000.0
3635,294000000.0
3636,333000000.0
3637,306000000.0
3638,341000000.0
3639,324000000.0
3640,262000000.0
3641,254000000.0
3642,342000000.0
3643,278000000.0
3644,300000000.0
3645,293000000.0
3646,349000000.0
3647,290000000.0
3648,319000000.0
3649,302000000.0
3650,183000000.0
3651,311000000.0
3652,284000000.0
3653,269000000.0
3654,334000000.0
3655,306000000.0
3656,323000000.0
3657,338000000.0
3658,298000000.0
3659,290000000.0
3660,285000000.0
3661,367000000.0
3662,307000000.0
3663,277000000.0
3664,351000000.0
3665,283000000.0
3666,298000000.0
3667,260000000.0
3668,337000000.0
3669,306000000.0
3670,303000000.0
3671,278000000.0
3672,308000000.0
3673,326000000.0
3674,271000000.0
3675,354000000.0
3676,294000000.0
3677,317000000.0
3678,337000000.0
3679,394000000.0
3680,297000000.0
3681,319000000.0
3682,282000000.0
3683,451000000.0
3684,259000000.0
3685,370000000.0
3686,359000000.0
3687,267000000.0
3688,271000000.0
3689,437000000.0
3690,301000000.0
3691,322000000.0
3692,234000000.0
3693,329000000.0
3694,399000000.0
3695,329000000.0
3696,390000000.0
3697,268000000.0
3698,380000000.0
3699,298000000.0
3700,279000000.0
3701,258000000.0
3702,287000000.0
3703,342000000.0
3704,312000000.0
3705,261000000.0
3706,263000000.0
3707,270000000.0
3708,289000000.0
3709,342000000.0
3710,284000000.0
3711,378000000.0
3712,325000000.0
3713,272000000.0
3714,371000000.0
3715,355000000.0
3716,391000000.0
3717,231000000.0
3718,290000000.0
3719,351000000.0
3720,368000000.0
3721,298000000.0
3722,275000000.0
3723,324000000.0
3724,332000000.0
3725,302000000.0
3726,338000000.0
3727,311000000.0
3728,333000000.0
3729,304000000.0
3730,261000000.0
3731,259000000.0
3732,315000000.0
3733,206000000.0
3734,301000000.0
3735,270000000.0
3736,371000000.0
3737,353000000.0
3738,265000000.0
3739,384000000.0
3740,327000000.0
3741,297000000.0
3742,394000000.0
3743,292000000.0
3744,371000000.0
3745,341000000.0
3746,370000000.0
3747,417000000.0
3748,403000000.0
3749,252000000.0
3750,303000000.0
3751,331000000.0
3752,358000000.0
3753,332000000.0
3754,245000000.0
3755,402000000.0
3756,328000000.0
3757,228000000.0
3758,287000000.0
3759,230000000.0
3760,290000000.0
3761,315000000.0
3762,296000000.0
3763,364000000.0
3764,252000000.0
3765,399000000.0
3766,338000000.0
3767,328000000.0
3768,272000000.0
3769,290000000.0
3770,284000000.0
3771,314000000.0
3772,356000000.0
3773,331000000.0
3774,372000000.0
3775,287000000.0
3776,381000000.0
3777,404000000.0
3778,273000000.0
3779,332000000.0
3780,355000000.0
3781,388000000.0
3782,278000000.0
3783,288000000.0
3784,274000000.0
3785,395000000.0
3786,345000000.0
3787,395000000.0
3788,319000000.0
3789,302000000.0
3790,225000000.0
3791,267000000.0
3792,322000000.0
3793,357000000.0
3794,353000000.0
3795,376000000.0
3796,310000000.0
3797,348000000.0
3798,376000000.0
3799,366000000.0
3800,265000000.0
3801,264000000.0
3802,275000000.0
3803,356000000.0
3804,450000000.0
3805,345000000.0
3806,355000000.0
3807,293000000.0
3808,320000000.0
3809,382000000.0
3810,252000000.0
3811,393000000.0
3812,284000000.0
3813,419000000.0
3814,377000000.0
3815,384000000.0
3816,235000000.0
3817,315000000.0
3818,439000000.0
3819,352000000.0
3820,280000000.0
3821,400000000.0
3822,286000000.0
3823,344000000.0
3824,408000000.0
3825,284000000.0
3826,251000000.0
3827,331000000.0
3828,344000000.0
3829,341000000.0
3830,284000000.0
3831,299000000.0
3832,414000000.0
3833,327000000.0
3834,428000000.0
3835,383000000.0
3836,351000000.0
3837,283000000.0
3838,211000000.0
3839,267000000.0
3840,292000000.0
3841,400000000.0
3842,296000000.0
3843,307000000.0
3844,318000000.0
3845,250000000.0
3846,319000000.0
3847,224000000.0
3848,361000000.0
3849,370000000.0
3850,309000000.0
3851,254000000.0
3852,324000000.0
3853,348000000.0
3854,313000000.0
3855,347000000.0
3856,271000000.0
3857,262000000.0
3858,284000000.0
3859,265000000.0
3860,286000000.0
3861,362000000.0
3862,268000000.0
3863,342000000.0
3864,335000000.0
3865,340000000.0
3866,351000000.0
3867,312000000.0
3868,348000000.0
3869,287000000.0
3870,360000000.0
3871,355000000.0
3872,366000000.0
3873,288000000.0
3874,320000000.0
3875,281000000.0
3876,229000000.0
3877,276000000.0
3878,323000000.0
3879,274000000.0
3880,312000000.0
3881,354000000.0
3882,186000000.0
3883,256000000.0
3884,350000000.0
3885,366000000.0
3886,299000000.0
3887,397000000.0
3888,368000000.0
3889,306000000.0
3890,326000000.0
3891,227000000.0
3892,178000000.0
3893,324000000.0
3894,329000000.0
3895,322000000.0
3896,263000000.0
3897,289000000.0
3898,289000000.0
3899,301000000.0
3900,274000000.0
3901,230000000.0
3902,294000000.0
3903,360000000.0
3904,255000000.0
3905,404000000.0
3906,277000000.0
3907,275000000.0
3908,378000000.0
3909,363000000.0
3910,324000000.0
3911,304000000.0
3912,398000000.0
3913,333000000.0
3914,352000000.0
3915,255000000.0
3916,316000000.0
3917,322000000.0
3918,371000000.0
3919,315000000.0
3920,279000000.0
3921,267000000.0
3922,328000000.0
3923,387000000.0
3924,351000000.0
3925,257000000.0
3926,374000000.0
3927,353000000.0
3928,315000000.0
3929,263000000.0
3930,279000000.0
3931,384000000.0
3932,301000000.0
3933,386000000.0
3934,201000000.0
3935,316000000.0
3936,297000000.0
3937,313000000.0
3938,291000000.0
3939,347000000.0
3940,354000000.0
3941,317000000.0
3942,307000000.0
3943,251000000.0
3944,293000000.0
3945,403000000.0
3946,313000000.0
3947,405000000.0
3948,237000000.0
3949,369000000.0
3950,419000000.0
3951,296000000.0
3952,242000000.0
3953,390000000.0
3954,350000000.0
3955,345000000.0
3956,368000000.0
3957,443000000.0
3958,352000000.0
3959,356000000.0
3960,363000000.0
3961,357000000.0
3962,309000000.0
3963,262000000.0
3964,319000000.0
3965,230000000.0
3966,352000000.0
3967,304000000.0
3968,438000000.0
3969,366000000.0
3970,290000000.0
3971,361000000.0
3972,330000000.0
3973,333000000.0
3974,368000000.0
3975,295000000.0
3976,337000000.0
3977,357000000.0
3978,274000000.0
3979,418000000.0
3980,398000000.0
3981,336000000.0
3982,349000000.0
3983,358000000.0
3984,307000000.0
3985,457000000.0
3986,354000000.0
3987,270000000.0
3988,366000000.0
3989,321000000.0
3990,305000000.0
3991,328000000.0
3992,334000000.0
3993,321000000.0
3994,372000000.0
3995,390000000.0
3996,286000000.0
3997,312000000.0
3998,392000000.0
3999,318000000.0
4000,352000000.0
4001,349000000.0
4002,372000000.0
4003,322000000.0
4004,350000000.0
4005,349000000.0
4006,452000000.0
4007,362000000.0
4008,370000000.0
4009,282000000.0
4010,283000000.0
4011,333000000.0
4012,271000000.0
4013,321000000.0
4014,357000000.0
4015,338000000.0
4016,385000000.0
4017,267000000.0
4018,371000000.0
